{
    "aver_eye_radius": 1295.4417585777724,
    "eye_centre": [
        [
            -194.50145940694603
        ],
        [
            133.86888195148856
        ],
        [
            3333.3333333333335
        ]
    ]
}
